step,stack_before,popped,pushed_neighbours,stack_after
1,1,1,"2,3,51","2,3,51"
2,"2,3,51",51,"45,50","2,3,45,50"
3,"2,3,45,50",50,49,"2,3,45,49"
4,"2,3,45,49",49,"24,32,47","2,3,45,24,32,47"
5,"2,3,45,24,32,47",47,"30,31,33,48","2,3,45,24,32,30,31,33,48"
6,"2,3,45,24,32,30,31,33,48",48,33,"2,3,45,24,32,30,31,33,33"
7,"2,3,45,24,32,30,31,33,33",33,"31,32,36,37","2,3,45,24,32,30,31,33,31,32,36,37"
8,"2,3,45,24,32,30,31,33,31,32,36,37",37,"32,36,52","2,3,45,24,32,30,31,33,31,32,36,32,36,52"
9,"2,3,45,24,32,30,31,33,31,32,36,32,36,52",52,"46,53,55","2,3,45,24,32,30,31,33,31,32,36,32,36,46,53,55"
10,"2,3,45,24,32,30,31,33,31,32,36,32,36,46,53,55",55,"23,24,53","2,3,45,24,32,30,31,33,31,32,36,32,36,46,53,23,24,53"
11,"2,3,45,24,32,30,31,33,31,32,36,32,36,46,53,23,24,53",53,"46,54","2,3,45,24,32,30,31,33,31,32,36,32,36,46,53,23,24,46,54"
12,"2,3,45,24,32,30,31,33,31,32,36,32,36,46,53,23,24,46,54",54,,"2,3,45,24,32,30,31,33,31,32,36,32,36,46,53,23,24,46"
13,"2,3,45,24,32,30,31,33,31,32,36,32,36,46,53,23,24,46",46,"44,45","2,3,45,24,32,30,31,33,31,32,36,32,36,46,53,23,24,44,45"
14,"2,3,45,24,32,30,31,33,31,32,36,32,36,46,53,23,24,44,45",45,,"2,3,45,24,32,30,31,33,31,32,36,32,36,46,53,23,24,44"
15,"2,3,45,24,32,30,31,33,31,32,36,32,36,46,53,23,24,44",44,43,"2,3,45,24,32,30,31,33,31,32,36,32,36,46,53,23,24,43"
16,"2,3,45,24,32,30,31,33,31,32,36,32,36,46,53,23,24,43",43,42,"2,3,45,24,32,30,31,33,31,32,36,32,36,46,53,23,24,42"
17,"2,3,45,24,32,30,31,33,31,32,36,32,36,46,53,23,24,42",42,"40,41","2,3,45,24,32,30,31,33,31,32,36,32,36,46,53,23,24,40,41"
18,"2,3,45,24,32,30,31,33,31,32,36,32,36,46,53,23,24,40,41",41,"39,40","2,3,45,24,32,30,31,33,31,32,36,32,36,46,53,23,24,40,39,40"
19,"2,3,45,24,32,30,31,33,31,32,36,32,36,46,53,23,24,40,39,40",40,"38,39","2,3,45,24,32,30,31,33,31,32,36,32,36,46,53,23,24,40,39,38,39"
20,"2,3,45,24,32,30,31,33,31,32,36,32,36,46,53,23,24,40,39,38,39",39,"36,38","2,3,45,24,32,30,31,33,31,32,36,32,36,46,53,23,24,40,39,38,36,38"
21,"2,3,45,24,32,30,31,33,31,32,36,32,36,46,53,23,24,40,39,38,36,38",38,32,"2,3,45,24,32,30,31,33,31,32,36,32,36,46,53,23,24,40,39,38,36,32"
22,"2,3,45,24,32,30,31,33,31,32,36,32,36,46,53,23,24,40,39,38,36,32",32,"17,28","2,3,45,24,32,30,31,33,31,32,36,32,36,46,53,23,24,40,39,38,36,17,28"
23,"2,3,45,24,32,30,31,33,31,32,36,32,36,46,53,23,24,40,39,38,36,17,28",28,"4,5,27,29,30","2,3,45,24,32,30,31,33,31,32,36,32,36,46,53,23,24,40,39,38,36,17,4,5,27,29,30"
24,"2,3,45,24,32,30,31,33,31,32,36,32,36,46,53,23,24,40,39,38,36,17,4,5,27,29,30",30,"3,27,29,31,34,34","2,3,45,24,32,30,31,33,31,32,36,32,36,46,53,23,24,40,39,38,36,17,4,5,27,29,3,27,29,31,34,34"
25,"2,3,45,24,32,30,31,33,31,32,36,32,36,46,53,23,24,40,39,38,36,17,4,5,27,29,3,27,29,31,34,34",34,35,"2,3,45,24,32,30,31,33,31,32,36,32,36,46,53,23,24,40,39,38,36,17,4,5,27,29,3,27,29,31,34,35"
26,"2,3,45,24,32,30,31,33,31,32,36,32,36,46,53,23,24,40,39,38,36,17,4,5,27,29,3,27,29,31,34,35",35,"31,36","2,3,45,24,32,30,31,33,31,32,36,32,36,46,53,23,24,40,39,38,36,17,4,5,27,29,3,27,29,31,34,31,36"
27,"2,3,45,24,32,30,31,33,31,32,36,32,36,46,53,23,24,40,39,38,36,17,4,5,27,29,3,27,29,31,34,31,36",36,,"2,3,45,24,32,30,31,33,31,32,36,32,36,46,53,23,24,40,39,38,36,17,4,5,27,29,3,27,29,31,34,31"
28,"2,3,45,24,32,30,31,33,31,32,36,32,36,46,53,23,24,40,39,38,36,17,4,5,27,29,3,27,29,31,34,31",31,29,"2,3,45,24,32,30,31,33,31,32,36,32,36,46,53,23,24,40,39,38,36,17,4,5,27,29,3,27,29,31,34,29"
29,"2,3,45,24,32,30,31,33,31,32,36,32,36,46,53,23,24,40,39,38,36,17,4,5,27,29,3,27,29,31,34,29",29,3,"2,3,45,24,32,30,31,33,31,32,36,32,36,46,53,23,24,40,39,38,36,17,4,5,27,29,3,27,29,31,34,3"
30,"2,3,45,24,32,30,31,33,31,32,36,32,36,46,53,23,24,40,39,38,36,17,4,5,27,29,3,27,29,31,34,3",3,"2,4,5,6","2,3,45,24,32,30,31,33,31,32,36,32,36,46,53,23,24,40,39,38,36,17,4,5,27,29,3,27,29,31,34,2,4,5,6"
31,"2,3,45,24,32,30,31,33,31,32,36,32,36,46,53,23,24,40,39,38,36,17,4,5,27,29,3,27,29,31,34,2,4,5,6",6,"5,7,14","2,3,45,24,32,30,31,33,31,32,36,32,36,46,53,23,24,40,39,38,36,17,4,5,27,29,3,27,29,31,34,2,4,5,5,7,14"
32,"2,3,45,24,32,30,31,33,31,32,36,32,36,46,53,23,24,40,39,38,36,17,4,5,27,29,3,27,29,31,34,2,4,5,5,7,14",14,"5,10,11,15,24","2,3,45,24,32,30,31,33,31,32,36,32,36,46,53,23,24,40,39,38,36,17,4,5,27,29,3,27,29,31,34,2,4,5,5,7,5,10,11,15,24"
33,"2,3,45,24,32,30,31,33,31,32,36,32,36,46,53,23,24,40,39,38,36,17,4,5,27,29,3,27,29,31,34,2,4,5,5,7,5,10,11,15,24",24,"7,11,22,25,26","2,3,45,24,32,30,31,33,31,32,36,32,36,46,53,23,24,40,39,38,36,17,4,5,27,29,3,27,29,31,34,2,4,5,5,7,5,10,11,15,7,11,22,25,26"
34,"2,3,45,24,32,30,31,33,31,32,36,32,36,46,53,23,24,40,39,38,36,17,4,5,27,29,3,27,29,31,34,2,4,5,5,7,5,10,11,15,7,11,22,25,26",26,"25,27","2,3,45,24,32,30,31,33,31,32,36,32,36,46,53,23,24,40,39,38,36,17,4,5,27,29,3,27,29,31,34,2,4,5,5,7,5,10,11,15,7,11,22,25,25,27"
35,"2,3,45,24,32,30,31,33,31,32,36,32,36,46,53,23,24,40,39,38,36,17,4,5,27,29,3,27,29,31,34,2,4,5,5,7,5,10,11,15,7,11,22,25,25,27",27,"5,25","2,3,45,24,32,30,31,33,31,32,36,32,36,46,53,23,24,40,39,38,36,17,4,5,27,29,3,27,29,31,34,2,4,5,5,7,5,10,11,15,7,11,22,25,25,5,25"
36,"2,3,45,24,32,30,31,33,31,32,36,32,36,46,53,23,24,40,39,38,36,17,4,5,27,29,3,27,29,31,34,2,4,5,5,7,5,10,11,15,7,11,22,25,25,5,25",25,23,"2,3,45,24,32,30,31,33,31,32,36,32,36,46,53,23,24,40,39,38,36,17,4,5,27,29,3,27,29,31,34,2,4,5,5,7,5,10,11,15,7,11,22,25,25,5,23"
37,"2,3,45,24,32,30,31,33,31,32,36,32,36,46,53,23,24,40,39,38,36,17,4,5,27,29,3,27,29,31,34,2,4,5,5,7,5,10,11,15,7,11,22,25,25,5,23",23,"21,22","2,3,45,24,32,30,31,33,31,32,36,32,36,46,53,23,24,40,39,38,36,17,4,5,27,29,3,27,29,31,34,2,4,5,5,7,5,10,11,15,7,11,22,25,25,5,21,22"
38,"2,3,45,24,32,30,31,33,31,32,36,32,36,46,53,23,24,40,39,38,36,17,4,5,27,29,3,27,29,31,34,2,4,5,5,7,5,10,11,15,7,11,22,25,25,5,21,22",22,"18,20,21","2,3,45,24,32,30,31,33,31,32,36,32,36,46,53,23,24,40,39,38,36,17,4,5,27,29,3,27,29,31,34,2,4,5,5,7,5,10,11,15,7,11,22,25,25,5,21,18,20,21"
39,"2,3,45,24,32,30,31,33,31,32,36,32,36,46,53,23,24,40,39,38,36,17,4,5,27,29,3,27,29,31,34,2,4,5,5,7,5,10,11,15,7,11,22,25,25,5,21,18,20,21",21,"12,13,16,17,18,19,20","2,3,45,24,32,30,31,33,31,32,36,32,36,46,53,23,24,40,39,38,36,17,4,5,27,29,3,27,29,31,34,2,4,5,5,7,5,10,11,15,7,11,22,25,25,5,21,18,20,12,13,16,17,18,19,20"
40,"2,3,45,24,32,30,31,33,31,32,36,32,36,46,53,23,24,40,39,38,36,17,4,5,27,29,3,27,29,31,34,2,4,5,5,7,5,10,11,15,7,11,22,25,25,5,21,18,20,12,13,16,17,18,19,20",20,"13,19","2,3,45,24,32,30,31,33,31,32,36,32,36,46,53,23,24,40,39,38,36,17,4,5,27,29,3,27,29,31,34,2,4,5,5,7,5,10,11,15,7,11,22,25,25,5,21,18,20,12,13,16,17,18,19,13,19"
41,"2,3,45,24,32,30,31,33,31,32,36,32,36,46,53,23,24,40,39,38,36,17,4,5,27,29,3,27,29,31,34,2,4,5,5,7,5,10,11,15,7,11,22,25,25,5,21,18,20,12,13,16,17,18,19,13,19",19,18,"2,3,45,24,32,30,31,33,31,32,36,32,36,46,53,23,24,40,39,38,36,17,4,5,27,29,3,27,29,31,34,2,4,5,5,7,5,10,11,15,7,11,22,25,25,5,21,18,20,12,13,16,17,18,19,13,18"
42,"2,3,45,24,32,30,31,33,31,32,36,32,36,46,53,23,24,40,39,38,36,17,4,5,27,29,3,27,29,31,34,2,4,5,5,7,5,10,11,15,7,11,22,25,25,5,21,18,20,12,13,16,17,18,19,13,18",18,,"2,3,45,24,32,30,31,33,31,32,36,32,36,46,53,23,24,40,39,38,36,17,4,5,27,29,3,27,29,31,34,2,4,5,5,7,5,10,11,15,7,11,22,25,25,5,21,18,20,12,13,16,17,18,19,13"
43,"2,3,45,24,32,30,31,33,31,32,36,32,36,46,53,23,24,40,39,38,36,17,4,5,27,29,3,27,29,31,34,2,4,5,5,7,5,10,11,15,7,11,22,25,25,5,21,18,20,12,13,16,17,18,19,13",13,12,"2,3,45,24,32,30,31,33,31,32,36,32,36,46,53,23,24,40,39,38,36,17,4,5,27,29,3,27,29,31,34,2,4,5,5,7,5,10,11,15,7,11,22,25,25,5,21,18,20,12,13,16,17,18,19,12"
44,"2,3,45,24,32,30,31,33,31,32,36,32,36,46,53,23,24,40,39,38,36,17,4,5,27,29,3,27,29,31,34,2,4,5,5,7,5,10,11,15,7,11,22,25,25,5,21,18,20,12,13,16,17,18,19,12",12,11,"2,3,45,24,32,30,31,33,31,32,36,32,36,46,53,23,24,40,39,38,36,17,4,5,27,29,3,27,29,31,34,2,4,5,5,7,5,10,11,15,7,11,22,25,25,5,21,18,20,12,13,16,17,18,19,11"
45,"2,3,45,24,32,30,31,33,31,32,36,32,36,46,53,23,24,40,39,38,36,17,4,5,27,29,3,27,29,31,34,2,4,5,5,7,5,10,11,15,7,11,22,25,25,5,21,18,20,12,13,16,17,18,19,11",11,"9,10","2,3,45,24,32,30,31,33,31,32,36,32,36,46,53,23,24,40,39,38,36,17,4,5,27,29,3,27,29,31,34,2,4,5,5,7,5,10,11,15,7,11,22,25,25,5,21,18,20,12,13,16,17,18,19,9,10"
46,"2,3,45,24,32,30,31,33,31,32,36,32,36,46,53,23,24,40,39,38,36,17,4,5,27,29,3,27,29,31,34,2,4,5,5,7,5,10,11,15,7,11,22,25,25,5,21,18,20,12,13,16,17,18,19,9,10",10,"8,9","2,3,45,24,32,30,31,33,31,32,36,32,36,46,53,23,24,40,39,38,36,17,4,5,27,29,3,27,29,31,34,2,4,5,5,7,5,10,11,15,7,11,22,25,25,5,21,18,20,12,13,16,17,18,19,9,8,9"
47,"2,3,45,24,32,30,31,33,31,32,36,32,36,46,53,23,24,40,39,38,36,17,4,5,27,29,3,27,29,31,34,2,4,5,5,7,5,10,11,15,7,11,22,25,25,5,21,18,20,12,13,16,17,18,19,9,8,9",9,"7,8","2,3,45,24,32,30,31,33,31,32,36,32,36,46,53,23,24,40,39,38,36,17,4,5,27,29,3,27,29,31,34,2,4,5,5,7,5,10,11,15,7,11,22,25,25,5,21,18,20,12,13,16,17,18,19,9,8,7,8"
48,"2,3,45,24,32,30,31,33,31,32,36,32,36,46,53,23,24,40,39,38,36,17,4,5,27,29,3,27,29,31,34,2,4,5,5,7,5,10,11,15,7,11,22,25,25,5,21,18,20,12,13,16,17,18,19,9,8,7,8",8,7,"2,3,45,24,32,30,31,33,31,32,36,32,36,46,53,23,24,40,39,38,36,17,4,5,27,29,3,27,29,31,34,2,4,5,5,7,5,10,11,15,7,11,22,25,25,5,21,18,20,12,13,16,17,18,19,9,8,7,7"
49,"2,3,45,24,32,30,31,33,31,32,36,32,36,46,53,23,24,40,39,38,36,17,4,5,27,29,3,27,29,31,34,2,4,5,5,7,5,10,11,15,7,11,22,25,25,5,21,18,20,12,13,16,17,18,19,9,8,7,7",7,15,"2,3,45,24,32,30,31,33,31,32,36,32,36,46,53,23,24,40,39,38,36,17,4,5,27,29,3,27,29,31,34,2,4,5,5,7,5,10,11,15,7,11,22,25,25,5,21,18,20,12,13,16,17,18,19,9,8,7,15"
50,"2,3,45,24,32,30,31,33,31,32,36,32,36,46,53,23,24,40,39,38,36,17,4,5,27,29,3,27,29,31,34,2,4,5,5,7,5,10,11,15,7,11,22,25,25,5,21,18,20,12,13,16,17,18,19,9,8,7,15",15,"16,17","2,3,45,24,32,30,31,33,31,32,36,32,36,46,53,23,24,40,39,38,36,17,4,5,27,29,3,27,29,31,34,2,4,5,5,7,5,10,11,15,7,11,22,25,25,5,21,18,20,12,13,16,17,18,19,9,8,7,16,17"
51,"2,3,45,24,32,30,31,33,31,32,36,32,36,46,53,23,24,40,39,38,36,17,4,5,27,29,3,27,29,31,34,2,4,5,5,7,5,10,11,15,7,11,22,25,25,5,21,18,20,12,13,16,17,18,19,9,8,7,16,17",17,16,"2,3,45,24,32,30,31,33,31,32,36,32,36,46,53,23,24,40,39,38,36,17,4,5,27,29,3,27,29,31,34,2,4,5,5,7,5,10,11,15,7,11,22,25,25,5,21,18,20,12,13,16,17,18,19,9,8,7,16,16"
52,"2,3,45,24,32,30,31,33,31,32,36,32,36,46,53,23,24,40,39,38,36,17,4,5,27,29,3,27,29,31,34,2,4,5,5,7,5,10,11,15,7,11,22,25,25,5,21,18,20,12,13,16,17,18,19,9,8,7,16,16",16,,"2,3,45,24,32,30,31,33,31,32,36,32,36,46,53,23,24,40,39,38,36,17,4,5,27,29,3,27,29,31,34,2,4,5,5,7,5,10,11,15,7,11,22,25,25,5,21,18,20,12,13,16,17,18,19,9,8,7,16"
53,"2,3,45,24,32,30,31,33,31,32,36,32,36,46,53,23,24,40,39,38,36,17,4,5,27,29,3,27,29,31,34,2,4,5,5,7,5,10,11,15,7,11,22,25,25,5",5,4,"2,3,45,24,32,30,31,33,31,32,36,32,36,46,53,23,24,40,39,38,36,17,4,5,27,29,3,27,29,31,34,2,4,5,5,7,5,10,11,15,7,11,22,25,25,4"
54,"2,3,45,24,32,30,31,33,31,32,36,32,36,46,53,23,24,40,39,38,36,17,4,5,27,29,3,27,29,31,34,2,4,5,5,7,5,10,11,15,7,11,22,25,25,4",4,,"2,3,45,24,32,30,31,33,31,32,36,32,36,46,53,23,24,40,39,38,36,17,4,5,27,29,3,27,29,31,34,2,4,5,5,7,5,10,11,15,7,11,22,25,25"
55,"2,3,45,24,32,30,31,33,31,32,36,32,36,46,53,23,24,40,39,38,36,17,4,5,27,29,3,27,29,31,34,2",2,,"2,3,45,24,32,30,31,33,31,32,36,32,36,46,53,23,24,40,39,38,36,17,4,5,27,29,3,27,29,31,34"
